-- phpMyAdmin SQL Dump
-- version 5.1.1
-- https://www.phpmyadmin.net/
--
-- Servidor: 127.0.0.1:3306
-- Tiempo de generaci칩n: 01-11-2022 a las 14:14:10
-- Versi칩n del servidor: 5.7.36
-- Versi칩n de PHP: 7.4.26

SET SQL_MODE = "NO_AUTO_VALUE_ON_ZERO";
START TRANSACTION;
SET time_zone = "+00:00";


/*!40101 SET @OLD_CHARACTER_SET_CLIENT=@@CHARACTER_SET_CLIENT */;
/*!40101 SET @OLD_CHARACTER_SET_RESULTS=@@CHARACTER_SET_RESULTS */;
/*!40101 SET @OLD_COLLATION_CONNECTION=@@COLLATION_CONNECTION */;
/*!40101 SET NAMES utf8mb4 */;

--
-- Base de datos: `practica`
--

-- --------------------------------------------------------

--
-- Estructura de tabla para la tabla `deportes`
--

DROP TABLE IF EXISTS `deportes`;
CREATE TABLE IF NOT EXISTS `deportes` (
  `id` bigint(20) UNSIGNED NOT NULL AUTO_INCREMENT,
  `nombre` varchar(191) COLLATE utf8mb4_unicode_ci NOT NULL,
  `created_at` timestamp NULL DEFAULT NULL,
  `updated_at` timestamp NULL DEFAULT NULL,
  PRIMARY KEY (`id`)
) ENGINE=MyISAM AUTO_INCREMENT=12 DEFAULT CHARSET=utf8mb4 COLLATE=utf8mb4_unicode_ci;

--
-- Volcado de datos para la tabla `deportes`
--

INSERT INTO `deportes` (`id`, `nombre`, `created_at`, `updated_at`) VALUES
(1, 'Futbol', NULL, NULL),
(2, 'Baloncesto', '2022-10-19 16:47:49', '2022-10-19 16:47:49'),
(3, 'Tennis', '2022-10-19 16:47:49', '2022-10-19 16:47:49'),
(5, 'P치del', '2022-10-19 16:47:49', '2022-10-19 16:47:49'),
(6, 'Atletismo', '2022-10-19 16:47:49', '2022-10-19 16:47:49'),
(7, 'Patinaje', '2022-10-23 15:34:19', '2022-10-31 10:33:29');

-- --------------------------------------------------------

--
-- Estructura de tabla para la tabla `failed_jobs`
--

DROP TABLE IF EXISTS `failed_jobs`;
CREATE TABLE IF NOT EXISTS `failed_jobs` (
  `id` bigint(20) UNSIGNED NOT NULL AUTO_INCREMENT,
  `uuid` varchar(191) COLLATE utf8mb4_unicode_ci NOT NULL,
  `connection` text COLLATE utf8mb4_unicode_ci NOT NULL,
  `queue` text COLLATE utf8mb4_unicode_ci NOT NULL,
  `payload` longtext COLLATE utf8mb4_unicode_ci NOT NULL,
  `exception` longtext COLLATE utf8mb4_unicode_ci NOT NULL,
  `failed_at` timestamp NOT NULL DEFAULT CURRENT_TIMESTAMP,
  PRIMARY KEY (`id`),
  UNIQUE KEY `failed_jobs_uuid_unique` (`uuid`)
) ENGINE=MyISAM DEFAULT CHARSET=utf8mb4 COLLATE=utf8mb4_unicode_ci;

-- --------------------------------------------------------

--
-- Estructura de tabla para la tabla `migrations`
--

DROP TABLE IF EXISTS `migrations`;
CREATE TABLE IF NOT EXISTS `migrations` (
  `id` int(10) UNSIGNED NOT NULL AUTO_INCREMENT,
  `migration` varchar(191) COLLATE utf8mb4_unicode_ci NOT NULL,
  `batch` int(11) NOT NULL,
  PRIMARY KEY (`id`)
) ENGINE=MyISAM AUTO_INCREMENT=12 DEFAULT CHARSET=utf8mb4 COLLATE=utf8mb4_unicode_ci;

--
-- Volcado de datos para la tabla `migrations`
--

INSERT INTO `migrations` (`id`, `migration`, `batch`) VALUES
(1, '2014_10_12_000000_create_users_table', 1),
(2, '2014_10_12_100000_create_password_resets_table', 1),
(3, '2014_10_12_200000_add_two_factor_columns_to_users_table', 1),
(4, '2019_08_19_000000_create_failed_jobs_table', 1),
(5, '2019_12_14_000001_create_personal_access_tokens_table', 1),
(6, '2022_10_18_181239_create_sessions_table', 1),
(7, '2022_10_19_150730_create_deportes_table', 2),
(8, '2022_10_19_163512_create_pista_table', 3),
(9, '2022_10_19_165900_create_socios_table', 4),
(10, '2022_10_19_172604_create_reservas_table', 5),
(11, '2022_10_19_173354_create_reservas_table', 6);

-- --------------------------------------------------------

--
-- Estructura de tabla para la tabla `password_resets`
--

DROP TABLE IF EXISTS `password_resets`;
CREATE TABLE IF NOT EXISTS `password_resets` (
  `email` varchar(191) COLLATE utf8mb4_unicode_ci NOT NULL,
  `token` varchar(191) COLLATE utf8mb4_unicode_ci NOT NULL,
  `created_at` timestamp NULL DEFAULT NULL,
  KEY `password_resets_email_index` (`email`)
) ENGINE=MyISAM DEFAULT CHARSET=utf8mb4 COLLATE=utf8mb4_unicode_ci;

-- --------------------------------------------------------

--
-- Estructura de tabla para la tabla `personal_access_tokens`
--

DROP TABLE IF EXISTS `personal_access_tokens`;
CREATE TABLE IF NOT EXISTS `personal_access_tokens` (
  `id` bigint(20) UNSIGNED NOT NULL AUTO_INCREMENT,
  `tokenable_type` varchar(191) COLLATE utf8mb4_unicode_ci NOT NULL,
  `tokenable_id` bigint(20) UNSIGNED NOT NULL,
  `name` varchar(191) COLLATE utf8mb4_unicode_ci NOT NULL,
  `token` varchar(64) COLLATE utf8mb4_unicode_ci NOT NULL,
  `abilities` text COLLATE utf8mb4_unicode_ci,
  `last_used_at` timestamp NULL DEFAULT NULL,
  `created_at` timestamp NULL DEFAULT NULL,
  `updated_at` timestamp NULL DEFAULT NULL,
  PRIMARY KEY (`id`),
  UNIQUE KEY `personal_access_tokens_token_unique` (`token`),
  KEY `personal_access_tokens_tokenable_type_tokenable_id_index` (`tokenable_type`,`tokenable_id`)
) ENGINE=MyISAM AUTO_INCREMENT=4 DEFAULT CHARSET=utf8mb4 COLLATE=utf8mb4_unicode_ci;

-- --------------------------------------------------------

--
-- Estructura de tabla para la tabla `pistas`
--

DROP TABLE IF EXISTS `pistas`;
CREATE TABLE IF NOT EXISTS `pistas` (
  `id` bigint(20) UNSIGNED NOT NULL AUTO_INCREMENT,
  `deporte` int(11) NOT NULL,
  PRIMARY KEY (`id`)
) ENGINE=MyISAM AUTO_INCREMENT=14 DEFAULT CHARSET=utf8mb4 COLLATE=utf8mb4_unicode_ci;

--
-- Volcado de datos para la tabla `pistas`
--

INSERT INTO `pistas` (`id`, `deporte`) VALUES
(1, 1),
(2, 3),
(3, 4),
(4, 6),
(11, 2),
(6, 6),
(10, 3),
(9, 1),
(12, 5),
(13, 2);

-- --------------------------------------------------------

--
-- Estructura de tabla para la tabla `reservas`
--

DROP TABLE IF EXISTS `reservas`;
CREATE TABLE IF NOT EXISTS `reservas` (
  `id` bigint(20) UNSIGNED NOT NULL AUTO_INCREMENT,
  `socio` int(11) NOT NULL,
  `pista` int(11) NOT NULL,
  `fecha` datetime NOT NULL,
  PRIMARY KEY (`id`)
) ENGINE=MyISAM AUTO_INCREMENT=6 DEFAULT CHARSET=utf8mb4 COLLATE=utf8mb4_unicode_ci;

--
-- Volcado de datos para la tabla `reservas`
--

INSERT INTO `reservas` (`id`, `socio`, `pista`, `fecha`) VALUES
(1, 1, 1, '2022-10-23 11:00:00'),
(2, 2, 2, '2022-10-23 12:00:00'),
(4, 1, 1, '2022-11-07 19:00:00'),
(5, 3, 6, '2022-11-05 10:00:00');

-- --------------------------------------------------------

--
-- Estructura de tabla para la tabla `sessions`
--

DROP TABLE IF EXISTS `sessions`;
CREATE TABLE IF NOT EXISTS `sessions` (
  `id` varchar(191) COLLATE utf8mb4_unicode_ci NOT NULL,
  `user_id` bigint(20) UNSIGNED DEFAULT NULL,
  `ip_address` varchar(45) COLLATE utf8mb4_unicode_ci DEFAULT NULL,
  `user_agent` text COLLATE utf8mb4_unicode_ci,
  `payload` text COLLATE utf8mb4_unicode_ci NOT NULL,
  `last_activity` int(11) NOT NULL,
  PRIMARY KEY (`id`),
  KEY `sessions_user_id_index` (`user_id`),
  KEY `sessions_last_activity_index` (`last_activity`)
) ENGINE=MyISAM DEFAULT CHARSET=utf8mb4 COLLATE=utf8mb4_unicode_ci;

--
-- Volcado de datos para la tabla `sessions`
--

INSERT INTO `sessions` (`id`, `user_id`, `ip_address`, `user_agent`, `payload`, `last_activity`) VALUES
('OsrcsWt54Cp159aT63ZWE0qZp0AEHIx2DF81nGF8', NULL, '127.0.0.1', 'Mozilla/5.0 (Windows NT 10.0; Win64; x64) AppleWebKit/537.36 (KHTML, like Gecko) Chrome/106.0.0.0 Safari/537.36', 'YTozOntzOjY6Il90b2tlbiI7czo0MDoidU0ySlhmSDdDN1lHdDF0R0d4Tk1XcHg4Tzg0N0x3bDcyUGNOYWkzRyI7czo5OiJfcHJldmlvdXMiO2E6MTp7czozOiJ1cmwiO3M6MjE6Imh0dHA6Ly8xMjcuMC4wLjE6ODAwMCI7fXM6NjoiX2ZsYXNoIjthOjI6e3M6Mzoib2xkIjthOjA6e31zOjM6Im5ldyI7YTowOnt9fX0=', 1666198307),
('j7sgZpx2mvpVmqelrlTCEv4aREI4GeptLpFiMi6V', NULL, '127.0.0.1', 'Mozilla/5.0 (Windows NT 10.0; Win64; x64) AppleWebKit/537.36 (KHTML, like Gecko) Chrome/106.0.0.0 Safari/537.36', 'YTozOntzOjY6Il90b2tlbiI7czo0MDoiZjN1SFV2QWxQbUE2Y2RrOHVDTlgxTGpqSGhPZms3aTFBakNRaEdKSCI7czo5OiJfcHJldmlvdXMiO2E6MTp7czozOiJ1cmwiO3M6Mjc6Imh0dHA6Ly8xMjcuMC4wLjE6ODAwMC9sb2dpbiI7fXM6NjoiX2ZsYXNoIjthOjI6e3M6Mzoib2xkIjthOjA6e31zOjM6Im5ldyI7YTowOnt9fX0=', 1666118187),
('wHiFXu6rE0Kxc4CjuEsYpNWzB1Wk4yOaCDYRaCzF', 1, '127.0.0.1', 'Mozilla/5.0 (Windows NT 10.0; Win64; x64) AppleWebKit/537.36 (KHTML, like Gecko) Chrome/106.0.0.0 Safari/537.36', 'YTo1OntzOjY6Il90b2tlbiI7czo0MDoiaGJNbmtWWjNUazlnd1d0U0pnOG5BQmZEUXQycFNlS2F4T2dWcjh4OCI7czo5OiJfcHJldmlvdXMiO2E6MTp7czozOiJ1cmwiO3M6MzE6Imh0dHA6Ly8xMjcuMC4wLjE6ODAwMC9kYXNoYm9hcmQiO31zOjY6Il9mbGFzaCI7YToyOntzOjM6Im9sZCI7YTowOnt9czozOiJuZXciO2E6MDp7fX1zOjUwOiJsb2dpbl93ZWJfNTliYTM2YWRkYzJiMmY5NDAxNTgwZjAxNGM3ZjU4ZWE0ZTMwOTg5ZCI7aToxO3M6MjE6InBhc3N3b3JkX2hhc2hfc2FuY3R1bSI7czo2MDoiJDJ5JDEwJE93WHNRVVR2eFIyMEZORVZTVUpJMHVLTW1xVjd3TC9ObkNxTXUzMWdTdWJpOHNQdGpmeG1XIjt9', 1666350049),
('ulE3ZBVrvbf2GF406SGLbvhGQEidG7Z9CUkIFzUL', NULL, '127.0.0.1', 'Mozilla/5.0 (Windows NT 10.0; Win64; x64) AppleWebKit/537.36 (KHTML, like Gecko) Chrome/106.0.0.0 Safari/537.36', 'YTozOntzOjY6Il90b2tlbiI7czo0MDoibUg4RGFOQWx6b0x2VTM4dWk1c0FYT3Z1R1dzMG13bGozY3FhdDltdCI7czo5OiJfcHJldmlvdXMiO2E6MTp7czozOiJ1cmwiO3M6MjE6Imh0dHA6Ly8xMjcuMC4wLjE6ODAwMCI7fXM6NjoiX2ZsYXNoIjthOjI6e3M6Mzoib2xkIjthOjA6e31zOjM6Im5ldyI7YTowOnt9fX0=', 1666529261),
('zAnevooY8XXRmi1wkrtPdEiXohPmgAOlyykr8rNA', NULL, '127.0.0.1', 'Mozilla/5.0 (Windows NT 10.0; Win64; x64) AppleWebKit/537.36 (KHTML, like Gecko) Chrome/106.0.0.0 Safari/537.36', 'YTozOntzOjY6Il90b2tlbiI7czo0MDoiMkdVdGg1ZjQ4aUlnc3BVRzFsTUtUcjc3amc2N0E4UTdKaHhUN2VXVSI7czo5OiJfcHJldmlvdXMiO2E6MTp7czozOiJ1cmwiO3M6MjE6Imh0dHA6Ly8xMjcuMC4wLjE6ODAwMCI7fXM6NjoiX2ZsYXNoIjthOjI6e3M6Mzoib2xkIjthOjA6e31zOjM6Im5ldyI7YTowOnt9fX0=', 1666631134),
('bdCVd3DwJfHvryWXig4JcLTeA76jW6EfGnnzhVwa', NULL, '127.0.0.1', 'Mozilla/5.0 (Windows NT 10.0; Win64; x64) AppleWebKit/537.36 (KHTML, like Gecko) Chrome/106.0.0.0 Safari/537.36', 'YTozOntzOjY6Il90b2tlbiI7czo0MDoiQzhxUkFzRW5YTGpOaWNlSm4zNXM5emtGYzNmR1ZKSVpIejJPUVhjSSI7czo5OiJfcHJldmlvdXMiO2E6MTp7czozOiJ1cmwiO3M6MjE6Imh0dHA6Ly8xMjcuMC4wLjE6ODAwMCI7fXM6NjoiX2ZsYXNoIjthOjI6e3M6Mzoib2xkIjthOjA6e31zOjM6Im5ldyI7YTowOnt9fX0=', 1666692699),
('wCWOUkdgjpkhJpB2khOYlknqfwUVgH8oOIMHPkzv', NULL, '127.0.0.1', 'Mozilla/5.0 (Windows NT 10.0; Win64; x64) AppleWebKit/537.36 (KHTML, like Gecko) Chrome/106.0.0.0 Safari/537.36', 'YTozOntzOjY6Il90b2tlbiI7czo0MDoiaGZWdnU1VXl4SUxNTHRXM09VTXZZVXFwbmUxcTZFMThjbHl5akJhdCI7czo5OiJfcHJldmlvdXMiO2E6MTp7czozOiJ1cmwiO3M6MjE6Imh0dHA6Ly8xMjcuMC4wLjE6ODAwMCI7fXM6NjoiX2ZsYXNoIjthOjI6e3M6Mzoib2xkIjthOjA6e31zOjM6Im5ldyI7YTowOnt9fX0=', 1666718104),
('LAfOlChRCG3gBJwnNmSRHpFF4iVX8GGTS5fACLCF', NULL, '127.0.0.1', 'Mozilla/5.0 (Windows NT 10.0; Win64; x64) AppleWebKit/537.36 (KHTML, like Gecko) Chrome/106.0.0.0 Safari/537.36', 'YTozOntzOjY6Il90b2tlbiI7czo0MDoibFFmWUp4NTh1WllsV3RJVmxzMmk1RVNjQlRKbWpIMGw3MHRNV0tjUSI7czo5OiJfcHJldmlvdXMiO2E6MTp7czozOiJ1cmwiO3M6MjE6Imh0dHA6Ly8xMjcuMC4wLjE6ODAwMCI7fXM6NjoiX2ZsYXNoIjthOjI6e3M6Mzoib2xkIjthOjA6e31zOjM6Im5ldyI7YTowOnt9fX0=', 1666777529),
('BLloariuTp2Ux24Jb0Upi5UgB6yQSHu265RXVOuD', NULL, '127.0.0.1', 'Mozilla/5.0 (Windows NT 10.0; Win64; x64) AppleWebKit/537.36 (KHTML, like Gecko) Chrome/106.0.0.0 Safari/537.36', 'YTozOntzOjY6Il90b2tlbiI7czo0MDoiclBHNFh1eU5PZ3lCaUdYeUdxc09jaXJ2cktFZHphUnhoMlNHRWhkWSI7czo5OiJfcHJldmlvdXMiO2E6MTp7czozOiJ1cmwiO3M6MjE6Imh0dHA6Ly8xMjcuMC4wLjE6ODAwMCI7fXM6NjoiX2ZsYXNoIjthOjI6e3M6Mzoib2xkIjthOjA6e31zOjM6Im5ldyI7YTowOnt9fX0=', 1666869080),
('aYqW1jepLiMwWhpZcDFr23GmV8ji1bJub2VFSIVc', NULL, '127.0.0.1', 'Mozilla/5.0 (Windows NT 10.0; Win64; x64) AppleWebKit/537.36 (KHTML, like Gecko) Chrome/106.0.0.0 Safari/537.36', 'YTozOntzOjY6Il90b2tlbiI7czo0MDoiSk5hVFhHU3lUY093OTJkV1kwaUU5dk96TDZ2NnJZMUVGSDhzZTN5QiI7czo5OiJfcHJldmlvdXMiO2E6MTp7czozOiJ1cmwiO3M6MjE6Imh0dHA6Ly8xMjcuMC4wLjE6ODAwMCI7fXM6NjoiX2ZsYXNoIjthOjI6e3M6Mzoib2xkIjthOjA6e31zOjM6Im5ldyI7YTowOnt9fX0=', 1666948693),
('BkcIwbMUOVBHoFAkl9scJ8dlQ1SLpuHS4axQPJyS', NULL, '127.0.0.1', 'Mozilla/5.0 (Windows NT 10.0; Win64; x64) AppleWebKit/537.36 (KHTML, like Gecko) Chrome/106.0.0.0 Safari/537.36', 'YTozOntzOjY6Il90b2tlbiI7czo0MDoiTmRsSTQxaVU4WGZQS1VSSmF0aE1tUmZPZ0pSeENCVTdIVmFRUXlqWiI7czo5OiJfcHJldmlvdXMiO2E6MTp7czozOiJ1cmwiO3M6MjE6Imh0dHA6Ly8xMjcuMC4wLjE6ODAwMCI7fXM6NjoiX2ZsYXNoIjthOjI6e3M6Mzoib2xkIjthOjA6e31zOjM6Im5ldyI7YTowOnt9fX0=', 1666895372),
('sT7FLlcvGnpZ0F1H3fvnSv2NTh9saOYfDk1nFXQm', NULL, '127.0.0.1', 'Mozilla/5.0 (Windows NT 10.0; Win64; x64) AppleWebKit/537.36 (KHTML, like Gecko) Chrome/107.0.0.0 Safari/537.36', 'YTozOntzOjY6Il90b2tlbiI7czo0MDoiUHQzbXVJdHRyTUg1MjUybndaclc4TkJDRkZLNU0yU0FUUHpVVWpFUiI7czo5OiJfcHJldmlvdXMiO2E6MTp7czozOiJ1cmwiO3M6MjE6Imh0dHA6Ly8xMjcuMC4wLjE6ODAwMCI7fXM6NjoiX2ZsYXNoIjthOjI6e3M6Mzoib2xkIjthOjA6e31zOjM6Im5ldyI7YTowOnt9fX0=', 1667156751),
('n7igDaHXVtejBZZ8IOBWIBDsp2BfaETGizIVxnNm', NULL, '127.0.0.1', 'Mozilla/5.0 (Windows NT 10.0; Win64; x64) AppleWebKit/537.36 (KHTML, like Gecko) Chrome/107.0.0.0 Safari/537.36', 'YTozOntzOjY6Il90b2tlbiI7czo0MDoiNUk4S0k0dkE2UDcwUmlqdTdFQkpoTHl2cHJqVmhFTlk3cWNyZENEciI7czo5OiJfcHJldmlvdXMiO2E6MTp7czozOiJ1cmwiO3M6Mjc6Imh0dHA6Ly8xMjcuMC4wLjE6ODAwMC9sb2dpbiI7fXM6NjoiX2ZsYXNoIjthOjI6e3M6Mzoib2xkIjthOjA6e31zOjM6Im5ldyI7YTowOnt9fX0=', 1667170897),
('qan9MUSvPN9b69Vm33OiT10CVuxvuGQ5Ss30ECsg', NULL, '127.0.0.1', 'Mozilla/5.0 (Windows NT 10.0; Win64; x64) AppleWebKit/537.36 (KHTML, like Gecko) Chrome/107.0.0.0 Safari/537.36', 'YTozOntzOjY6Il90b2tlbiI7czo0MDoiemVRaVhmcXBHbURQQ2MxM1E2Yk84OURZTVlDeTVHQmlDZnIyckkwZyI7czo5OiJfcHJldmlvdXMiO2E6MTp7czozOiJ1cmwiO3M6MjE6Imh0dHA6Ly8xMjcuMC4wLjE6ODAwMCI7fXM6NjoiX2ZsYXNoIjthOjI6e3M6Mzoib2xkIjthOjA6e31zOjM6Im5ldyI7YTowOnt9fX0=', 1667215873),
('pV3Xzol4I59p7MdBlmMGXRmLkirr2OkAkN449vti', 1, '127.0.0.1', 'Mozilla/5.0 (Windows NT 10.0; Win64; x64) AppleWebKit/537.36 (KHTML, like Gecko) Chrome/107.0.0.0 Safari/537.36', 'YTo1OntzOjY6Il90b2tlbiI7czo0MDoiS2Rpb0MzVjBNd3ZzdGFHRUNZRFJkaGJKVDNVVzQwM0FseWVDVHcwSiI7czo5OiJfcHJldmlvdXMiO2E6MTp7czozOiJ1cmwiO3M6MzE6Imh0dHA6Ly8xMjcuMC4wLjE6ODAwMC9kYXNoYm9hcmQiO31zOjY6Il9mbGFzaCI7YToyOntzOjM6Im9sZCI7YTowOnt9czozOiJuZXciO2E6MDp7fX1zOjUwOiJsb2dpbl93ZWJfNTliYTM2YWRkYzJiMmY5NDAxNTgwZjAxNGM3ZjU4ZWE0ZTMwOTg5ZCI7aToxO3M6MjE6InBhc3N3b3JkX2hhc2hfc2FuY3R1bSI7czo2MDoiJDJ5JDEwJE93WHNRVVR2eFIyMEZORVZTVUpJMHVLTW1xVjd3TC9ObkNxTXUzMWdTdWJpOHNQdGpmeG1XIjt9', 1667233349),
('3Rv8AXcTXTi2AnSm65Zq6iHebS2LG7gsKTjKkuEW', 7, '127.0.0.1', 'Mozilla/5.0 (Windows NT 10.0; Win64; x64) AppleWebKit/537.36 (KHTML, like Gecko) Chrome/107.0.0.0 Safari/537.36', 'YTo1OntzOjY6Il90b2tlbiI7czo0MDoibEdkWkhOdVVIUTR5U0VIMFkyZXJjT0ljNHdqUTQ4VFZFa1RrNU9RVyI7czo5OiJfcHJldmlvdXMiO2E6MTp7czozOiJ1cmwiO3M6MzE6Imh0dHA6Ly8xMjcuMC4wLjE6ODAwMC9kYXNoYm9hcmQiO31zOjY6Il9mbGFzaCI7YToyOntzOjM6Im9sZCI7YTowOnt9czozOiJuZXciO2E6MDp7fX1zOjUwOiJsb2dpbl93ZWJfNTliYTM2YWRkYzJiMmY5NDAxNTgwZjAxNGM3ZjU4ZWE0ZTMwOTg5ZCI7aTo3O3M6MjE6InBhc3N3b3JkX2hhc2hfc2FuY3R1bSI7czo2MDoiJDJ5JDEwJDFOQ3QuMkE2Y0t0Rk5ReER3RDUzYi5JaGNiVXZqU3JVeWFZYTVQSUhjUWR3bmtraWdiaGhPIjt9', 1667311877);

-- --------------------------------------------------------

--
-- Estructura de tabla para la tabla `socios`
--

DROP TABLE IF EXISTS `socios`;
CREATE TABLE IF NOT EXISTS `socios` (
  `id` bigint(20) UNSIGNED NOT NULL AUTO_INCREMENT,
  `name` varchar(191) COLLATE utf8mb4_unicode_ci NOT NULL,
  `email` varchar(191) COLLATE utf8mb4_unicode_ci NOT NULL,
  PRIMARY KEY (`id`),
  UNIQUE KEY `socios_email_unique` (`email`)
) ENGINE=MyISAM AUTO_INCREMENT=8 DEFAULT CHARSET=utf8mb4 COLLATE=utf8mb4_unicode_ci;

--
-- Volcado de datos para la tabla `socios`
--

INSERT INTO `socios` (`id`, `name`, `email`) VALUES
(1, 'Ana', 'ana@gmail.com'),
(2, 'Laura', 'laura@gmail.com'),
(3, 'David', 'david@gmail.com'),
(4, 'Teresa', 'teresa@gmail.com');

-- --------------------------------------------------------

--
-- Estructura de tabla para la tabla `users`
--

DROP TABLE IF EXISTS `users`;
CREATE TABLE IF NOT EXISTS `users` (
  `id` bigint(20) UNSIGNED NOT NULL AUTO_INCREMENT,
  `name` varchar(191) COLLATE utf8mb4_unicode_ci NOT NULL,
  `email` varchar(191) COLLATE utf8mb4_unicode_ci NOT NULL,
  `email_verified_at` timestamp NULL DEFAULT NULL,
  `password` varchar(191) COLLATE utf8mb4_unicode_ci NOT NULL,
  `two_factor_secret` text COLLATE utf8mb4_unicode_ci,
  `two_factor_recovery_codes` text COLLATE utf8mb4_unicode_ci,
  `two_factor_confirmed_at` timestamp NULL DEFAULT NULL,
  `remember_token` varchar(100) COLLATE utf8mb4_unicode_ci DEFAULT NULL,
  `current_team_id` bigint(20) UNSIGNED DEFAULT NULL,
  `profile_photo_path` varchar(2048) COLLATE utf8mb4_unicode_ci DEFAULT NULL,
  `created_at` timestamp NULL DEFAULT NULL,
  `updated_at` timestamp NULL DEFAULT NULL,
  PRIMARY KEY (`id`),
  UNIQUE KEY `users_email_unique` (`email`)
) ENGINE=MyISAM AUTO_INCREMENT=8 DEFAULT CHARSET=utf8mb4 COLLATE=utf8mb4_unicode_ci;

--
-- Volcado de datos para la tabla `users`
--

INSERT INTO `users` (`id`, `name`, `email`, `email_verified_at`, `password`, `two_factor_secret`, `two_factor_recovery_codes`, `two_factor_confirmed_at`, `remember_token`, `current_team_id`, `profile_photo_path`, `created_at`, `updated_at`) VALUES
(1, 'hola', 'hola@gmail.com', NULL, '$2y$10$OwXsQUTvxR20FNEVSUJI0uKMmqV7wL/NnCqMu31gSubi8sPtjfxmW', NULL, NULL, NULL, NULL, NULL, NULL, '2022-10-18 16:23:01', '2022-10-18 16:23:01'),
(7, 'usuario', 'usuario@gmail.com', NULL, '$2y$10$1NCt.2A6cKtFNQxDwD53b.IhcbUvjSrUyaYa5PIHcQdwnkkigbhhO', NULL, NULL, NULL, NULL, NULL, NULL, '2022-11-01 13:11:16', '2022-11-01 13:11:16');
COMMIT;

/*!40101 SET CHARACTER_SET_CLIENT=@OLD_CHARACTER_SET_CLIENT */;
/*!40101 SET CHARACTER_SET_RESULTS=@OLD_CHARACTER_SET_RESULTS */;
/*!40101 SET COLLATION_CONNECTION=@OLD_COLLATION_CONNECTION */;
